ID,Titulo,Descripcion,Ubicacion,Fecha,Hora
2,dasdasda,dfsfsdfsd,fsdfsdfs,2024-08-07,17:54
4,sdvsdvsd,aaaaaaaaaaaaaaaaaaaaaaaaaaaaaaaaaaaaaa,fsdfsdfs,2024-08-06,18:48
5,sdvsdvsd,cds,fsdfsdfs,2024-08-07,17:10
6,olpkp,ñklñkmlnk,"{ñ,{l",2024-08-20,20:14
7,gggggggggggggg,jjjjjjjjjjjjjjjjjjjj,gvvvvvvvvvvvvvvvvvvvvv,2024-08-24,08:18
8,sdvsdvsd,fsdfsd,fsdfsdfs,2024-08-07,12:09
9,sdvsdvsd,fsdfsd,fsdfsdfs,2024-08-07,12:09
10,sdvsdvsd,fsdfsd,fsdfsdfs,2024-08-07,12:09
11,hdsd,hdfsjsfk,jifhvdhfv,2024-08-09,16:57
